P,mean_time,std_time,speedup,efficiency_percent,mean_auc,std_auc
1,239.6702218055725,1.4160543851873333,1.0,100.0,0.8437488829777342,0.0
2,159.70416696866354,0.15453339926427387,1.5007136404437058,75.03568202218528,0.8437759590375968,0.0
4,125.51024015744527,1.028255041434071,1.909567072016755,47.739176800418875,0.8440277139774883,9.907196488714771e-05
8,131.00339380900064,0.3427753175780982,1.829496281256691,22.86870351570864,0.8438650702914305,0.00015178209429383946
