P,mean_time,std_time,speedup,efficiency_percent,mean_auc,std_auc
1,58.57141296068827,0.9093746104653938,1.0,100.0,0.8315976462292807,0.0
2,48.376822551091514,0.25278932866199244,1.2107329475562412,60.53664737781206,0.8312210495060932,0.0
4,48.0993378162384,0.12178738154785625,1.2177176572463015,30.44294143115754,0.8306735579910618,0.00011957312420298729
8,64.03020373980205,0.6080523509921393,0.9147466279929933,11.434332849912417,0.8307657706601527,0.00013457944321311537
16,115.9133091767629,0.8300174612233039,0.5053036047083199,3.1581475294269996,0.8307363096327552,0.00016957707766697807
